{
  "model_name": "Logistic Regression",
  "accuracy": 0.7126039428197701,
  "f1_score": 0.7141131258620543,
  "precision": 0.7199453627540663,
  "recall": 0.7126039428197701,
  "training_time": 31.56847882270813,
  "model_path": "model/best_sentiment_model_logistic_regression.pkl"
}